{
	"easycom": {
		"autoscan": true,
		"custom": {
			// uni-ui 规则如下配置
			"^uni-(.*)": "@dcloudio/uni-ui/lib/uni-$1/uni-$1.vue",
			"^u--(.*)": "uview-plus/components/u-$1/u-$1.vue",
			"^up-(.*)": "uview-plus/components/u-$1/u-$1.vue",
			"^u-([^-].*)": "uview-plus/components/u-$1/u-$1.vue"
		}
	},
	"pages": [ //pages数组中第一项表示应用启动页，参考：https://uniapp.dcloud.io/collocation/pages
		{
			"path": "pages/home/home",
			"style": {
				"navigationBarTitleText": "首页",
				"navigationBarTextStyle": "white",
				"navigationBarTextWeight": "linear",
				"enablePullDownRefresh": false
			}
		},
		{
			"path": "pages/inquiryHistory/inquiryHistory",
			"style": {
				"navigationBarTitleText": "询价记录",
				"navigationBarTextStyle": "white",
				"navigationBarTextWeight": "linear",
				"enablePullDownRefresh": false
			}
		},
		{
			"path": "pages/inquiry/inquiry",
			"style": {
				"navigationBarTitleText": "询价信息",
				"navigationBarTextStyle": "white",
				"navigationBarTextWeight": "linear",
				"enablePullDownRefresh": false
			}
		},
		{
			"path": "pages/inquiryResult/inquiryResult",
			"style": {
				"navigationBarTitleText": "询价结果",
				"navigationBarTextStyle": "white",
				"navigationBarTextWeight": "linear",
				"enablePullDownRefresh": false
			}
		},
		{
			"path": "pages/orderPlacement/orderPlacement",
			"style": {
				"navigationBarTitleText": "下单操作",
				"navigationBarTextStyle": "white",
				"navigationBarTextWeight": "linear",
				"enablePullDownRefresh": false
			}
		},
		{
			"path": "pages/warehouseReceipts/warehouseReceipts",
			"style": {
				"navigationStyle": "custom",
				"navigationBarTitleText": "仓单",
				"navigationBarTextStyle": "white",
				"navigationBarTextWeight": "linear",
				"enablePullDownRefresh": false
			}
		},
		{
			"path": "pages/calculator/calculator",
			"style": {
				"navigationBarTitleText": "计算器",
				"navigationBarTextStyle": "white",
				"navigationBarTextWeight": "linear",
				"enablePullDownRefresh": false
			}
		},
		{
			"path": "pages/user/user",
			"style": {
				"navigationBarTitleText": "我的",
				"navigationBarTextStyle": "white",
				"navigationBarTextWeight": "linear",
				"enablePullDownRefresh": false
			}
		},
		// #ifdef H5
		{
			"path": "pages/reLogin/reLogin",
			"style": {
				"navigationBarTitleText": "登录/注册",
				"navigationBarTextStyle": "white",
				"navigationBarTextWeight": "linear",
				"enablePullDownRefresh": false,
				"navigationStyle": "custom"
			}
		},
		// #endif
		{
			"path": "pages/warehouseReceiptDetail/warehouseReceiptDetail",
			"style": {
				"navigationBarTitleText": "仓单详情",
				"navigationBarTextStyle": "white",
				"navigationBarTextWeight": "linear",
				"enablePullDownRefresh": false
			}
		},
		{
			"path": "pages/groupOrders/myGroupOrders",
			"style": {
				"navigationBarTitleText": "我的拼单",
				"navigationBarTextStyle": "white",
				"navigationBarTextWeight": "linear",
				"enablePullDownRefresh": false
			}
		},
		{
			/* 拼单列表 */
			"path": "pages/groupOrders/groupOrders",
			"style": {
				"navigationBarTitleText": "拼单市场",
				"navigationBarTextStyle": "white",
				"navigationBarTextWeight": "linear",
				"enablePullDownRefresh": false
			}
		},
		{
			/* 拼单详情 */
			"path": "pages/groupOrders/groupOrderDetail",
			"style": {
				"navigationBarTitleText": "拼单详情",
				"navigationBarTextStyle": "white",
				"navigationBarTextWeight": "linear",
				"enablePullDownRefresh": false,
				"navigationStyle": "custom",
			}
		},
		{
			/* 板块名称 */
			"path": "pages/plateComposition/plateComposition",
			"style": {
				"navigationBarTitleText": "板块名称",
				"navigationBarTextStyle": "white",
				"navigationBarTextWeight": "linear",
				"enablePullDownRefresh": false
			}
		},
		{
			/* 模块成分 */
			"path": "pages/plateList/plateList",
			"style": {
				"navigationBarTitleText": "模块信息",
				"navigationBarTextStyle": "white",
				"navigationBarTextWeight": "linear",
				"enablePullDownRefresh": false
			}
		}
	],
	"tabBar": {
		"color": "#7A7E83",
		"selectedColor": "#d6423a",
		"borderStyle": "black",
		"backgroundColor": "#ffffff",
		"list": [
			{
				"pagePath": "pages/home/home",
				"iconPath": "static/menu/icon_home.png",
				"selectedIconPath": "static/menu/icon_home_active.png",
				"text": "首页"
			},
			{
				"pagePath": "pages/inquiryHistory/inquiryHistory",
				"iconPath": "static/menu/icon_inquiry_history.png",
				"selectedIconPath": "static/menu/icon_inquiry_history_active.png",
				"text": "询价"
			},
//			{
//				"pagePath": "pages/warehouseReceipts/warehouseReceipts",
//				"iconPath": "static/menu/icon_cd.png",
//				"selectedIconPath": "static/menu/icon_cd_active.png",
//				"text": "仓单"
//			},
//			{
//				"pagePath": "pages/inquiry/inquiry",
//				"iconPath": "static/menu/icon_place_an_order.png",
//				"selectedIconPath": "static/menu/icon_place_an_order_active.png",
//				"text": "下单"
//			},
			{
				"pagePath": "pages/groupOrders/groupOrders",
				"iconPath": "static/menu/icon_group_order.png",
				"selectedIconPath": "static/menu/icon_group_order_active.png",
				"text": "拼单"
			},

			{
				"pagePath": "pages/user/user",
				"iconPath": "static/menu/icon_user.png",
				"selectedIconPath": "static/menu/icon_user_active.png",
				"text": "我的"
			}
		]
	},
	"globalStyle": {
		"navigationStyle": "default",
		"navigationBarTextStyle": "black",
		"navigationBarTitleText": "uni-app",
		"navigationBarTextSize": "uni-app",
		"navigationBarBackgroundColor": "#d6423a",
		"backgroundColor": "#f5f5f5",
		"enableShareAppMessage": true,
		"enableShareTimeline": true,
	}
}
